<?xml version="1.0" encoding="utf-8" standalone="yes"?>
<rss version="2.0" xmlns:atom="http://www.w3.org/2005/Atom">
  <channel>
    <title>Responsible Gambling - Coin Strike Hold and Win on Coin Strike Hold and Win</title>
    <link>https://coinstrikeholdwin.com/responsible-gaming/</link>
    <description>Recent content in Responsible Gambling - Coin Strike Hold and Win on Coin Strike Hold and Win</description>
    <generator>Hugo</generator>
    <language>en</language>
    <lastBuildDate></lastBuildDate>
    <atom:link href="https://coinstrikeholdwin.com/responsible-gaming/index.xml" rel="self" type="application/rss+xml" />
  </channel>
</rss>
